{"cameraMode":{"drawMode":0,"name":"Shaded","section":"Shading Mode"},"sceneLighting":true,"audioPlay":false,"sceneViewState":{"showFog":true,"showMaterialUpdate":false,"showSkybox":true,"showFlares":true,"showImageEffects":true,"showParticleSystems":true},"in2DMode":false,"pivot":{"x":-17.305763244628908,"y":-16.49679946899414,"z":45.933467864990237},"rotation":{"x":-0.1464044600725174,"y":0.749030590057373,"z":-0.1764155775308609,"w":-0.621608316898346},"size":38.63299560546875,"orthographic":false}